District or State,Administrative Unit,Population,Total Hindu,Total Muslim,Total Sikh,Hindu Percentage,Muslim Percentage,Sikh Percentage,Alternate_Names
MADRAS,Province,49341810.0,42799822.0,3896452.0,0.0,86.74,7.9,0.0,
Vizagapatam,District,3845944.0,3507224.0,29122.0,0.0,91.19,0.76,0.0,
Agency,District,221437.0,79675.0,407.0,0.0,35.98,0.18,0.0,
Plains,District,3624507.0,3427549.0,28715.0,0.0,94.57,0.79,0.0,
Godavari East,District,2161863.0,1987415.0,32801.0,0.0,91.93,1.52,0.0,
Agency,District,271569.0,164075.0,3410.0,0.0,60.42,1.26,0.0,
Plains,District,1890294.0,1823340.0,29391.0,0.0,96.46,1.55,0.0,
Godavari West,District,1380088.0,1263181.0,29728.0,0.0,91.53,2.15,0.0,
Kistna,District,1444294.0,1232212.0,76722.0,0.0,85.32,5.31,0.0,
Guntur,District,2277283.0,1797256.0,183298.0,0.0,78.92,8.05,0.0,
Nellore,District,1617026.0,1416178.0,120004.0,0.0,87.58,7.42,0.0,
Cuddapah,District,1056507.0,863476.0,147258.0,0.0,81.73,13.94,0.0,
Kurnool,District,1146250.0,874289.0,170157.0,0.0,76.27,14.84,0.0,
Bellary,District,1051235.0,927070.0,112705.0,0.0,88.19,10.72,0.0,
Anantapur,District,1171419.0,1044117.0,118235.0,0.0,89.13,10.09,0.0,
Madras,District,777481.0,621049.0,95702.0,0.0,79.88,12.31,0.0,Chennai
Chingleput,District,1823955.0,1733280.0,43306.0,0.0,95.03,2.37,0.0,
Chittoor,District,1632395.0,1520731.0,97000.0,0.0,93.16,5.94,0.0,
North Arcot,District,2577540.0,2351516.0,174317.0,0.0,91.23,6.76,0.0,
Salem,District,2869226.0,2765058.0,79016.0,0.0,96.37,2.75,0.0,
Coimbatore,District,2809648.0,2651993.0,73169.0,0.0,94.39,2.6,0.0,
South Arcot,District,2608753.0,2449921.0,84118.0,0.0,93.91,3.22,0.0,
Tanjore,District,2563375.0,2299007.0,170414.0,0.0,89.69,6.65,0.0,
Trichinopoly,District,2194091.0,1990203.0,91668.0,0.0,90.71,4.18,0.0,
Madura,District,2446601.0,2243398.0,106788.0,0.0,91.69,4.36,0.0,
Ramnad,District,1979643.0,1736829.0,143344.0,0.0,87.73,7.24,0.0,
Tinnevelly,District,2244543.0,1834253.0,144950.0,0.0,81.72,6.46,0.0,
Nilgiris,District,209709.0,102766.0,17561.0,0.0,49.0,8.37,0.0,
Malabar,District,3929425.0,2478653.0,1337760.0,0.0,63.08,34.04,0.0,
South Kanara,District,1523516.0,1108147.0,214109.0,0.0,72.74,14.05,0.0,
BOMBAY,Province,20849840.0,16555390.0,1920368.0,0.0,79.4,9.21,0.0,
Bombay City,District,1489883.0,1020750.0,251318.0,0.0,68.51,16.87,0.0,
Northern Division,Division,5276593.0,3610794.0,561038.0,0.0,68.43,10.63,0.0,
Ahmedabad,District,1372171.0,1120805.0,178531.0,0.0,81.68,13.01,0.0,
Ahmedabad City,District,591267.0,426498.0,116301.0,0.0,72.13,19.67,0.0,
Broach & Panch Mahals,District,924527.0,496607.0,143830.0,0.0,53.71,15.56,0.0,
Kaira,District,914957.0,783809.0,89176.0,0.0,85.67,9.75,0.0,
Surat,District,881058.0,459807.0,76251.0,0.0,52.19,8.65,0.0,
Thana,District,932733.0,589704.0,43950.0,0.0,63.22,4.71,0.0,
Bombay Suburban,District,251147.0,160062.0,29300.0,0.0,63.73,11.67,0.0,
Central Division,Division,8197393.0,6803359.0,535654.0,0.0,82.99,6.53,0.0,
Ahmednagar,District,1142229.0,972783.0,61332.0,0.0,85.17,5.37,0.0,
East Khandesh,District,1327722.0,1105009.0,148542.0,0.0,83.23,11.19,0.0,
West Khandesh,District,912214.0,498114.0,48324.0,0.0,54.6,5.3,0.0,
Nasik,District,1113901.0,860667.0,68333.0,0.0,77.27,6.13,0.0,
Poona,District,1359408.0,1205333.0,70986.0,0.0,88.67,5.22,0.0,
Satara,District,1327249.0,1252039.0,49590.0,0.0,94.33,3.74,0.0,
Sholapur,District,1014670.0,909354.0,88547.0,0.0,89.62,8.73,0.0,
Southern Division,Division,5885971.0,5120487.0,572358.0,0.0,86.99,9.72,0.0,
Belgaum,District,1225428.0,1048554.0,110223.0,0.0,85.57,8.99,0.0,
Bijapur,District,975982.0,847783.0,122640.0,0.0,86.86,12.57,0.0,
Dharwar,District,1201016.0,998182.0,179104.0,0.0,83.11,14.91,0.0,
Kanara,District,441157.0,385729.0,35200.0,0.0,87.44,7.98,0.0,
Kolaba,District,668922.0,569300.0,33330.0,0.0,85.11,4.98,0.0,
Ratnagiri,District,1373466.0,1270939.0,91861.0,0.0,92.54,6.69,0.0,
BENGAL,Province,,,,,,,,
British Territory,District,60306525.0,25059024.0,33005434.0,0.0,41.55,54.73,0.0,
Burdwan Division,Division,10287369.0,8125185.0,1429500.0,0.0,78.98,13.9,0.0,
Burdwan,District,1890732.0,1393920.0,336665.0,0.0,73.72,17.81,0.0,
Birbhum,District,1048317.0,686436.0,287310.0,0.0,65.48,27.41,0.0,
Bankura,District,1289640.0,1078559.0,55564.0,0.0,83.63,4.31,0.0,
Midnapur,District,3190647.0,2681963.0,246559.0,0.0,84.06,7.73,0.0,
Hooghly,District,1377729.0,1099544.0,207077.0,0.0,79.81,15.03,0.0,
Howrah,District,1490304.0,1184863.0,296325.0,0.0,79.5,19.88,0.0,
Presidency Division,Division,12817087.0,6883217.0,5711354.0,0.0,53.7,44.56,0.0,
24-Parganas,District,3536386.0,2310936.0,1148180.0,0.0,65.35,32.47,0.0,
Calcutta,District,2108891.0,1531512.0,497535.0,0.0,72.62,23.59,0.0,Kolkata
Nadia,District,1759846.0,657950.0,1078007.0,0.0,37.39,61.26,0.0,
Murshidabad,District,1640530.0,684987.0,927747.0,0.0,41.75,56.55,0.0,
Jessore,District,1828216.0,721079.0,1100713.0,0.0,39.44,60.21,0.0,
Khulna,District,1943218.0,977693.0,959172.0,0.0,50.31,49.36,0.0,
Rajshahi Division,Division,12040465.0,3673809.0,7528117.0,0.0,30.51,62.52,0.0,
Rajshahi,District,1571750.0,329230.0,1173285.0,0.0,20.95,74.65,0.0,
Dinajpur,District,1926833.0,774622.0,967246.0,0.0,40.2,50.2,0.0,
Jalpaiguri,District,1089513.0,551647.0,251460.0,0.0,50.63,23.08,0.0,
Darjeeling,District,376369.0,172496.0,9125.0,0.0,45.83,2.42,0.0,
Rangpur,District,2877847.0,802849.0,2055186.0,0.0,27.9,71.41,0.0,
Bogra,District,1260463.0,187532.0,1057902.0,0.0,14.88,83.93,0.0,
Pabna,District,1705072.0,383755.0,1313968.0,0.0,22.51,77.06,0.0,
Malda,District,1232618.0,465678.0,699945.0,0.0,37.78,56.79,0.0,
Dacca Division,Division,16683714.0,4621637.0,11944172.0,0.0,27.7,71.59,0.0,
Dacca,District,4222143.0,1360132.0,2841261.0,0.0,32.21,67.29,0.0,Dhaka
Mymensingh,District,6023758.0,1296638.0,4664548.0,0.0,21.53,77.44,0.0,
Faridpur,District,2888803.0,1006238.0,1871336.0,0.0,34.83,64.78,0.0,
Bakarganj,District,3549010.0,958629.0,2567027.0,0.0,27.01,72.33,0.0,Barisal
Chittagong Division,Division,8477890.0,1755176.0,6392291.0,0.0,20.7,75.4,0.0,
Tippera,District,3860139.0,879960.0,2975901.0,0.0,22.8,77.09,0.0,
Noakhali,District,2217402.0,412261.0,1803937.0,0.0,18.59,81.35,0.0,
Chittagong,District,2153296.0,458074.0,1605183.0,0.0,21.27,74.55,0.0,
Chittagong Hill Tracts,District,247053.0,4881.0,7270.0,0.0,1.98,2.94,0.0,
UNITED PROVINCES,Province,55020617.0,45811669.0,8416308.0,0.0,83.26,15.3,0.0,
Agra Province,District,40906147.0,33908660.0,6231062.0,0.0,82.89,15.23,0.0,
Meerut Division,Division,5716451.0,4121070.0,1433434.0,0.0,72.09,25.08,0.0,
Dehra Dun,District,266244.0,213647.0,41426.0,0.0,80.24,15.56,0.0,
Saharanpur,District,1179643.0,755296.0,396287.0,0.0,64.03,33.59,0.0,
Muzaffarnagar,District,1056759.0,727322.0,307519.0,0.0,68.83,29.1,0.0,
Meerut,District,1896582.0,1391754.0,444383.0,0.0,73.38,23.43,0.0,
Bulandshahr,District,1317223.0,1033051.0,243819.0,0.0,78.43,18.51,0.0,
Agra Division,Division,5326768.0,4606749.0,619479.0,0.0,86.48,11.63,0.0,
Aligarh,District,1372641.0,1151810.0,186381.0,0.0,83.91,13.58,0.0,
Muttra,District,806992.0,721267.0,79218.0,0.0,89.38,9.82,0.0,Mathura
Agra,District,1289774.0,1065341.0,199787.0,0.0,82.6,15.49,0.0,Firozabad
Mainpuri,District,872601.0,818686.0,44659.0,0.0,93.82,5.12,0.0,
Etah,District,984760.0,849645.0,109434.0,0.0,86.28,11.11,0.0,
Rohilkhand Division,Division,6195996.0,4293608.0,1726363.0,0.0,69.3,27.86,0.0,
Bareilly,District,1176197.0,822530.0,334285.0,0.0,69.93,28.42,0.0,Pilibhit
Bijnor,District,910223.0,554551.0,337126.0,0.0,60.92,37.04,0.0,
Budaun,District,1162322.0,922300.0,210168.0,0.0,79.35,18.08,0.0,
Moradabad,District,1473151.0,834384.0,567358.0,0.0,56.64,38.51,0.0,"Sambhal, Amroha"
Shahjahanpur,District,983385.0,805329.0,173878.0,0.0,81.89,17.68,0.0,
Pilibhit,District,490718.0,384514.0,103548.0,0.0,78.36,21.1,0.0,
Allahabad Division,Division,6014813.0,5228827.0,735545.0,0.0,86.93,12.23,0.0,
Farrukhabad,District,955377.0,827842.0,122407.0,0.0,86.65,12.81,0.0,
Etawah,District,883264.0,823487.0,53234.0,0.0,93.23,6.03,0.0,
Cawnpore,District,1556247.0,1342579.0,201392.0,0.0,86.27,12.94,0.0,Kanpur
Fatehpur,District,806944.0,707628.0,98629.0,0.0,87.69,12.22,0.0,
Allahabad,District,1812981.0,1527291.0,259883.0,0.0,84.24,14.33,0.0,Prayagraj
Jhansi Division,Division,2553492.0,2357737.0,153263.0,0.0,92.33,6.0,0.0,
Jhansi,District,773002.0,703133.0,42575.0,0.0,90.96,5.51,0.0,
Jalaun,District,482384.0,444636.0,31137.0,0.0,92.17,6.45,0.0,
Hamirpur,District,575538.0,529903.0,37461.0,0.0,92.07,6.51,0.0,Mahoba
Banda,District,722568.0,680005.0,42090.0,0.0,94.11,5.83,0.0,Chitrakoot
Benares Division,Division,5545257.0,4925127.0,468624.0,0.0,88.82,8.45,0.0,
Benares,District,1218629.0,1057661.0,136129.0,0.0,86.79,11.17,0.0,Varanasi
Mirzapur,District,899929.0,801073.0,51506.0,0.0,89.02,5.72,0.0,Bhadohi
Jaunpur,District,1387439.0,1262174.0,121556.0,0.0,90.97,8.76,0.0,Jaunpur
Ghazipur,District,985380.0,873477.0,89586.0,0.0,88.64,9.09,0.0,
Ballia,District,1053880.0,930742.0,69847.0,0.0,88.32,6.63,0.0,
Gorakhpur Division,Division,7972108.0,6827128.0,1038637.0,0.0,85.64,13.03,0.0,
Gorakhpur,District,3963574.0,3430654.0,430333.0,0.0,86.55,10.86,0.0,"Maharajganj, Kushinagar"
Basti,District,2185641.0,1797646.0,387598.0,0.0,82.25,17.73,0.0,"Siddharthnagar, Sant Kabir Nagar"
Azamgarh,District,1822893.0,1598828.0,220706.0,0.0,87.71,12.11,0.0,
Kumaon Division,Division,1581262.0,1518414.0,55717.0,0.0,96.03,3.52,0.0,
Naini Tal,District,291861.0,241657.0,46949.0,0.0,82.8,16.09,0.0,
Almora,District,687286.0,681470.0,3548.0,0.0,99.15,0.52,0.0,
Garhwal,District,602115.0,595287.0,5220.0,0.0,98.87,0.87,0.0,
OUDH,Province,14114470.0,11903009.0,2185246.0,0.0,84.33,15.48,0.0,
Lucknow Division,Division,6530932.0,5573452.0,938371.0,0.0,85.34,14.37,0.0,
Lucknow,District,949728.0,716909.0,220022.0,0.0,75.49,23.17,0.0,
Unao,District,959542.0,868656.0,90665.0,0.0,90.53,9.45,0.0,
Rae Bareli,District,1064804.0,960129.0,102278.0,0.0,90.17,9.61,0.0,
Sitapur,District,1293554.0,1079699.0,212419.0,0.0,83.47,16.42,0.0,
Hardoi,District,1239279.0,1092241.0,146259.0,0.0,88.14,11.8,0.0,
Kheri,District,1024025.0,855818.0,166728.0,0.0,83.57,16.28,0.0,
Fyzabad Division,Division,7583538.0,6329557.0,1246875.0,0.0,83.46,16.44,0.0,
Fyzabad,District,1319425.0,1161484.0,157070.0,0.0,88.03,11.9,0.0,Ayodhya
Gonda,District,1719644.0,1390468.0,327866.0,0.0,80.86,19.07,0.0,Balrampur
Bahraich,District,1240569.0,956078.0,283107.0,0.0,77.07,22.82,0.0,Shravasti
Sultanpur,District,1100368.0,961975.0,138170.0,0.0,87.42,12.56,0.0,
Partabgarh,District,91967.0,42935.0,4473.0,0.0,46.69,4.86,0.0,
Bara Banki,District,1162508.0,948440.0,212825.0,0.0,81.59,18.31,0.0,
PUNJAB,Province,5503554.0,1855958.0,2251459.0,0.0,33.72,40.91,0.0,
Ambala Division,Division,4695462.0,3099483.0,1318136.0,0.0,66.01,28.07,0.0,
Hissar,District,1006709.0,652676.0,285208.0,0.0,64.83,28.33,0.0,Hisar
Rohtak,District,956399.0,780474.0,166569.0,0.0,81.61,17.42,0.0,
Gurgaon,District,851458.0,560498.0,285992.0,0.0,65.83,33.59,0.0,"Mewat, Nuh"
Karnal,District,994575.0,666036.0,304346.0,0.0,66.97,30.6,0.0,
Ambala,District,847745.0,410333.0,268999.0,0.0,48.4,31.73,0.0,
Simla,District,38576.0,29466.0,7022.0,0.0,76.38,18.2,0.0,
Jullundur Division,Division,5438581.0,1950802.0,1877742.0,0.0,35.87,34.53,0.0,
Kangra,District,899377.0,838479.0,43249.0,0.0,93.23,4.81,0.0,
Hoshiarpur,District,1170323.0,468225.0,380759.0,0.0,40.01,32.53,0.0,
Jullundur,District,1127190.0,198160.0,509804.0,0.0,17.58,45.23,0.0,Jalandhar
Ludhiana,District,818615.0,166678.0,302482.0,0.0,20.36,36.95,0.0,
Ferozepore,District,1423076.0,279260.0,641448.0,0.0,19.62,45.07,0.0,
Lahore Division,Division,7218001.0,1201062.0,4199658.0,0.0,16.64,58.18,0.0,
Lahore,District,1695375.0,284351.0,1027772.0,0.0,16.77,60.62,0.0,
Amritsar,District,1413876.0,216778.0,657695.0,0.0,15.33,46.52,0.0,
Gurdaspur,District,1153511.0,283192.0,589923.0,0.0,24.55,51.14,0.0,
Sialkot,District,1190497.0,231114.0,739218.0,0.0,19.41,62.09,0.0,
Gujranwala,District,912234.0,107887.0,642706.0,0.0,11.83,70.45,0.0,
Sheikhupura,District,852508.0,77740.0,542344.0,0.0,9.12,63.62,0.0,
Rawalpindi Division,Division,4700958.0,414670.0,4020141.0,0.0,8.82,85.52,0.0,
Gujrat,District,1104952.0,84643.0,945609.0,0.0,7.66,85.58,0.0,
Shahpur,District,998921.0,100708.0,835918.0,0.0,10.08,83.68,0.0,
Jhelum,District,629658.0,40879.0,563033.0,0.0,6.49,89.42,0.0,
Rawalpindi,District,785231.0,82463.0,628193.0,0.0,10.5,80.0,0.0,
Attock,District,675875.0,43190.0,611128.0,0.0,6.39,90.42,0.0,
Mianwali,District,506321.0,62787.0,436260.0,0.0,12.4,86.16,0.0,
Multan Division,Division,6365817.0,884355.0,4801565.0,0.0,13.89,75.43,0.0,
Montgomery,District,1329103.0,191182.0,918564.0,0.0,14.38,69.11,0.0,"Sahiwal, Pakpattan"
Lyallpur,District,1396305.0,162295.0,877518.0,0.0,11.62,62.85,0.0,Faisalabad
Jhang,District,821631.0,129791.0,678736.0,0.0,15.8,82.61,0.0,
Multan,District,1484333.0,242987.0,1157911.0,0.0,16.37,78.01,0.0,
Muzaffargarh,District,712849.0,90547.0,616074.0,0.0,12.7,86.42,0.0,
Dera Gazi Khan,District,581350.0,67393.0,512678.0,0.0,11.59,88.19,0.0,Dera Ghazi Khan
Biloch Trans-frontier tract,District,40246.0,22632.0,17522.0,0.0,56.23,43.54,0.0,
BIHAR,Province,36340151.0,26514269.0,4716314.0,0.0,72.96,12.98,0.0,
Patna Division,Division,7265950.0,6252582.0,704892.0,0.0,86.05,9.7,0.0,
Patna,District,632220.0,463763.0,1297.0,0.0,73.35,0.21,0.0,
Gaya,District,2775361.0,2222303.0,293347.0,0.0,80.07,10.57,0.0,
Shahabad,District,2328581.0,2120527.0,176344.0,0.0,91.07,7.57,0.0,
Tirhut Division,Division,11959827.0,10231605.0,1680758.0,0.0,85.55,14.05,0.0,
Saran,District,2860537.0,2477870.0,363692.0,0.0,86.62,12.71,0.0,
Champaran,District,2397569.0,1969339.0,404434.0,0.0,82.14,16.87,0.0,
Muzaffarpur,District,3244651.0,2816852.0,424797.0,0.0,86.82,13.09,0.0,
Darbhanga,District,3457070.0,2967544.0,487835.0,0.0,85.84,14.11,0.0,"Madhubani, Samastipur"
Bhagalpur Division,Division,9598025.0,6412865.0,1782820.0,0.0,66.81,18.57,0.0,
Monghyr,District,2564544.0,2244570.0,264411.0,0.0,87.52,10.31,0.0,
Bhagalpur,District,2408879.0,2022766.0,279525.0,0.0,83.97,11.6,0.0,Banka
Purnea,District,2390105.0,1307363.0,976048.0,0.0,54.7,40.84,0.0,"Kishanganj, Purnia, Katihar, Araria"
Santal Parganas,District,2234497.0,838166.0,262836.0,0.0,37.51,11.76,0.0,
Chota Nagpur Division,Division,7516349.0,3617217.0,547844.0,0.0,48.12,7.29,0.0,
Hazaribagh,District,1751339.0,1059615.0,209384.0,0.0,60.5,11.96,0.0,
Ranchi,District,1675413.0,422500.0,77721.0,0.0,25.22,4.64,0.0,
Palamau,District,912734.0,503746.0,85272.0,0.0,55.19,9.34,0.0,
Manbhum,District,2032146.0,1213901.0,132234.0,0.0,59.73,6.51,0.0,
Singhbhum,District,1144717.0,417455.0,43233.0,0.0,36.47,3.78,0.0,
CENTRAL PROVINCES AND BERAR,Province,16813584.0,12931996.0,783697.0,0.0,76.91,4.66,0.0,
CENTRAL PROVINCES,Province,13208718.0,9967104.0,448528.0,0.0,75.46,3.4,0.0,
Jubbulpore Division,Division,3691112.0,2615206.0,213442.0,0.0,70.85,5.78,0.0,
Saugor,District,939068.0,783431.0,43044.0,0.0,83.43,4.58,0.0,
Jubbulpore,District,910603.0,654506.0,67158.0,0.0,71.88,7.38,0.0,
Mandla,District,504580.0,190657.0,7066.0,0.0,37.79,1.4,0.0,
Hoshangabad,District,823585.0,656509.0,35868.0,0.0,79.71,4.36,0.0,
Nimar,District,513276.0,329103.0,60306.0,0.0,64.12,11.75,0.0,
Nagpur Division,Division,3924985.0,2886227.0,153501.0,0.0,73.53,3.91,0.0,
Betul,District,438342.0,259371.0,8280.0,0.0,59.17,1.89,0.0,
Chhindwara,District,1034040.0,589151.0,42552.0,0.0,56.98,4.12,0.0,
Wardha,District,519330.0,443223.0,20714.0,0.0,85.35,3.99,0.0,
Nagpur,District,1059989.0,911889.0,66545.0,0.0,86.03,6.28,0.0,
Chanda,District,873284.0,682593.0,15410.0,0.0,78.16,1.76,0.0,
Chhattisgarh Division,Division,5592621.0,4465671.0,81585.0,0.0,79.85,1.46,0.0,
Bhandara,District,963225.0,828725.0,17755.0,0.0,86.04,1.84,0.0,
Balaghat,District,634350.0,480826.0,12470.0,0.0,75.8,1.97,0.0,
Raipur,District,1516686.0,1210047.0,22627.0,0.0,79.78,1.49,0.0,
Bilaspur,District,110336.0,108345.0,1498.0,0.0,98.2,1.36,0.0,
Drug,District,928851.0,712196.0,8038.0,0.0,76.67,0.87,0.0,
BERAR,Province,3604866.0,2964892.0,335169.0,0.0,82.25,9.3,0.0,
Amraoti,District,988524.0,817280.0,98865.0,0.0,82.68,10.0,0.0,
Akola,District,907742.0,765383.0,101886.0,0.0,84.32,11.22,0.0,
Buldana,District,820862.0,715028.0,78629.0,0.0,87.11,9.58,0.0,
Yeotmal,District,887738.0,667201.0,55789.0,0.0,75.16,6.28,0.0,
ASSAM,Province,10204733.0,4213223.0,3442479.0,0.0,41.29,33.73,0.0,
Surma Valley and Hill Division,Division,4218875.0,1394714.0,2127254.0,0.0,33.06,50.42,0.0,
Cachar,District,641181.0,225816.0,232950.0,0.0,35.22,36.33,0.0,
Sylhet,District,3116602.0,1149514.0,1892117.0,0.0,36.88,60.71,0.0,
Khasi and Jaintia Hills (British),District,118665.0,12739.0,1555.0,0.0,10.74,1.31,0.0,
Naga Hills,District,189641.0,4198.0,531.0,0.0,2.21,0.28,0.0,
Lushai Hills,District,152786.0,2447.0,101.0,0.0,1.6,0.07,0.0,
Assam Valley Division,Division,5919228.0,2797415.0,1314300.0,0.0,47.26,22.2,0.0,
Goalpara,District,1014285.0,306223.0,468924.0,0.0,30.19,46.23,0.0,
Kamrup,District,1264200.0,696549.0,367522.0,0.0,55.1,29.07,0.0,
Darrang,District,736791.0,347758.0,120995.0,0.0,47.2,16.42,0.0,
Nowgong,District,710800.0,288351.0,250113.0,0.0,40.57,35.19,0.0,
Sibsagar,District,1074741.0,643191.0,51769.0,0.0,59.85,4.82,0.0,
Lakhimpur,District,894842.0,501036.0,44579.0,0.0,55.99,4.98,0.0,
Garo Hills,District,223569.0,14307.0,10398.0,0.0,6.4,4.65,0.0,
Sadiya Frontier Tract,District,60118.0,18506.0,864.0,0.0,30.78,1.44,0.0,
Balipara Frontier Tract,District,6512.0,2588.0,61.0,0.0,39.74,0.94,0.0,
N.-W. F. P.,Province,3038037.0,180321.0,2788797.0,0.0,5.94,91.8,0.0,
Hazara,District,796230.0,30267.0,756004.0,0.0,3.8,94.95,0.0,
Mardan,District,506539.0,10677.0,483575.0,0.0,2.11,95.47,0.0,
Peshawar,District,851833.0,440093.0,349268.0,0.0,51.66,41.0,0.0,
Kohat,District,289404.0,17527.0,266224.0,0.0,6.06,91.99,0.0,
Bannu,District,295930.0,31471.0,257648.0,0.0,10.63,87.06,0.0,
Dera Ismail Khan,District,298131.0,39167.0,255757.0,0.0,13.14,85.79,0.0,Dera Ismail Khan
ORISSA,Province,8728544.0,6832706.0,146301.0,0.0,78.28,1.68,0.0,
Cuttack,District,2431427.0,2299568.0,72562.0,0.0,94.58,2.98,0.0,
Balasore,District,1029430.0,962037.0,35924.0,0.0,93.45,3.49,0.0,
Puri,District,1101939.0,1044586.0,26119.0,0.0,94.8,2.37,0.0,
Sambalpur,District,1182622.0,939677.0,5210.0,0.0,79.46,0.44,0.0,
Ganjam,District,1855264.0,1412604.0,3941.0,0.0,76.14,0.21,0.0,
Plains,District,1392188.0,1326480.0,3749.0,0.0,95.28,0.27,0.0,
Agency,District,463076.0,86124.0,192.0,0.0,18.6,0.04,0.0,
Koraput,District,1127862.0,174234.0,2545.0,0.0,15.45,0.23,0.0,
SIND,Province,4535008.0,1229926.0,3208325.0,0.0,27.12,70.75,0.0,
Dadu,District,389380.0,58372.0,329991.0,0.0,14.99,84.75,0.0,
Hyderabad,District,16338534.0,13310045.0,2097475.0,0.0,81.46,12.84,0.0,
Karachi,District,713900.0,222597.0,457035.0,0.0,31.18,64.02,0.0,
Larkana,District,511208.0,91062.0,418543.0,0.0,17.81,81.87,0.0,
Nawabshah,District,584178.0,140428.0,436414.0,0.0,24.04,74.71,0.0,Benazirabad
Sukkur,District,692556.0,195458.0,491634.0,0.0,28.22,70.99,0.0,
Thar Parkar,District,581004.0,247496.0,292025.0,0.0,42.6,50.26,0.0,
Upper Sind Frontier,District,304034.0,28664.0,275063.0,0.0,9.43,90.47,0.0,
AJMER-MERWARA,Province,583693.0,376481.0,89899.0,0.0,64.5,15.4,0.0,
ANDAMANS AND NICOBARS,Province,33768.0,8427.0,8005.0,0.0,24.96,23.71,0.0,
Andamans,District,21316.0,8420.0,7738.0,0.0,39.5,36.3,0.0,
Nicobars,District,12452.0,7.0,267.0,0.0,0.06,2.14,0.0,
BALUCHISTAN,Province,501631.0,44623.0,438930.0,0.0,8.9,87.5,0.0,
Quetta-Pishin,District,156289.0,28629.0,113288.0,0.0,18.32,72.49,0.0,
Loralai,District,83685.0,3129.0,79273.0,0.0,3.74,94.73,0.0,
Zhob,District,61499.0,4286.0,55987.0,0.0,6.97,91.04,0.0,
Bolan,District,6009.0,950.0,4812.0,0.0,15.81,80.08,0.0,
Chagai,District,29250.0,1204.0,27864.0,0.0,4.12,95.26,0.0,
Sibi,District,164899.0,6425.0,157706.0,0.0,3.9,95.64,0.0,
DELHI,Province,917939.0,567225.0,304971.0,0.0,61.79,33.22,0.0,
COORG,Province,168726.0,130753.0,14730.0,0.0,77.49,8.73,0.0,
STATES AND AGENCIES,State,,,,,,,,
Assam,State,725655.0,327727.0,31662.0,0.0,45.16,4.36,0.0,
Manipur,State,512069.0,303633.0,29562.0,0.0,59.3,5.77,0.0,
Khasi,State,213586.0,24091.0,2100.0,0.0,11.28,0.98,0.0,
Baluchistan,State,356204.0,9771.0,346251.0,0.0,2.74,97.21,0.0,
Kalat,State,253305.0,7971.0,245208.0,0.0,3.15,96.8,0.0,
Karan,State,33832.0,99.0,33733.0,0.0,0.29,99.71,0.0,
Las Bela,State,69067.0,1701.0,67310.0,0.0,2.46,97.46,0.0,
Baroda,State,2855010.0,2194244.0,223610.0,0.0,76.86,7.83,0.0,
Bengal,State,2144829.0,1012742.0,372113.0,0.0,47.22,17.35,0.0,
Cooch-Behar,State,640842.0,394948.0,242684.0,0.0,61.63,37.87,0.0,
Tripura,State,513010.0,347752.0,123570.0,0.0,67.79,24.09,0.0,
Mayurbhanj,State,990977.0,270042.0,5859.0,0.0,27.25,0.59,0.0,
Central India,State,7511694.0,5863039.0,440101.0,0.0,78.05,5.86,0.0,
Indore,State,1513966.0,1078527.0,126187.0,0.0,71.24,8.33,0.0,
Rewa,State,1820445.0,1678496.0,39044.0,0.0,92.2,2.14,0.0,
Bhopal,State,785322.0,597254.0,109870.0,0.0,76.05,13.99,0.0,
Dewas S.,State,89352.0,77100.0,8854.0,0.0,86.29,9.91,0.0,
Dewas J.,State,83669.0,67535.0,10157.0,0.0,80.72,12.14,0.0,
Khilchipur,State,48642.0,45824.0,1271.0,0.0,94.21,2.61,0.0,
Narsingarh,State,125178.0,112473.0,5376.0,0.0,89.85,4.29,0.0,
Rajgarh,State,148609.0,136298.0,7584.0,0.0,91.72,5.1,0.0,
Ajaigarh,State,96596.0,82592.0,2773.0,0.0,85.5,2.87,0.0,
Baoni,State,25256.0,22102.0,3096.0,0.0,87.51,12.26,0.0,
Baraundha,State,17306.0,14204.0,111.0,0.0,82.08,0.64,0.0,
Bijawar,State,120990.0,111701.0,2685.0,0.0,92.32,2.22,0.0,
Charkhari,State,123594.0,116214.0,5665.0,0.0,94.03,4.58,0.0,
Chhatarpur,State,184720.0,172506.0,7222.0,0.0,93.39,3.91,0.0,
Datia,State,174072.0,166299.0,6700.0,0.0,95.53,3.85,0.0,
Maihar,State,79558.0,60928.0,2472.0,0.0,76.58,3.11,0.0,
Nagod,State,87911.0,75310.0,2369.0,0.0,85.67,2.69,0.0,
Orchha,State,363405.0,333215.0,8850.0,0.0,91.69,2.44,0.0,
Panna,State,231170.0,193977.0,5228.0,0.0,83.91,2.26,0.0,
Samthar,State,38279.0,35023.0,2795.0,0.0,91.49,7.3,0.0,
Alirajpur,State,112754.0,8244.0,2692.0,0.0,7.31,2.39,0.0,
Barwani,State,176666.0,62035.0,8387.0,0.0,35.11,4.75,0.0,
Dhar,State,253210.0,138596.0,17974.0,0.0,54.74,7.1,0.0,
Jaora,State,116953.0,90365.0,19523.0,0.0,77.27,16.69,0.0,
Jhabua,State,178327.0,23095.0,2660.0,0.0,12.95,1.49,0.0,
Ratlam,State,126117.0,67002.0,13756.0,0.0,53.13,10.91,0.0,
Sailana,State,40228.0,20776.0,1308.0,0.0,51.65,3.25,0.0,
Sitamau,State,33461.0,29699.0,1867.0,0.0,88.76,5.58,0.0,
Rest of Central India,State,295814.0,226633.0,13054.0,0.0,76.61,4.41,0.0,
Khaniadhana (Gwalior Residency),State,20124.0,19016.0,571.0,0.0,94.49,2.84,0.0,
Chhattisgarh,State,4050000.0,2188542.0,28773.0,0.0,54.04,0.71,0.0,
Bastar,State,633858.0,149900.0,2032.0,0.0,23.65,0.32,0.0,
Changbhakar,State,21266.0,6608.0,53.0,0.0,31.07,0.25,0.0,
Jashpur,State,223612.0,57771.0,1982.0,0.0,25.84,0.89,0.0,
Kalahandi,State,597940.0,407449.0,735.0,0.0,68.14,0.12,0.0,
Kanker,State,149471.0,51098.0,760.0,0.0,34.19,0.51,0.0,
Kawardha,State,77284.0,62462.0,1093.0,0.0,80.82,1.41,0.0,
Khairagarh,State,173713.0,148208.0,2608.0,0.0,85.32,1.5,0.0,
Korea,State,126874.0,66911.0,3328.0,0.0,52.74,2.62,0.0,
Nandgaon,State,202973.0,159317.0,2834.0,0.0,78.49,1.4,0.0,
Patna State,State,622220.0,0.0,0.0,0.0,0.0,0.0,0.0,
Raigarh,State,312643.0,211385.0,2210.0,0.0,67.61,0.71,0.0,
Sakti,State,54517.0,40151.0,448.0,0.0,73.65,0.82,0.0,
Sarangarh,State,140785.0,139954.0,353.0,0.0,99.41,0.25,0.0,
Surguja,State,551752.0,133178.0,7826.0,0.0,24.14,1.42,0.0,
Udaipur,State,118331.0,32657.0,328.0,0.0,27.6,0.28,0.0,
Cochin,State,1422875.0,896260.0,109188.0,0.0,62.99,7.67,0.0,
Deccan and Kolhapur,State,2785428.0,2486030.0,182036.0,0.0,89.25,6.54,0.0,
Kolhapur,State,1092046.0,980674.0,49615.0,0.0,89.8,4.54,0.0,
Akalkot,State,103903.0,88170.0,15037.0,0.0,84.86,14.47,0.0,
Bhor,State,155961.0,147288.0,1917.0,0.0,94.44,1.23,0.0,
Aundh,State,88723.0,84261.0,4000.0,0.0,94.97,4.51,0.0,
Jamkhandi,State,126272.0,108798.0,14696.0,0.0,86.16,11.64,0.0,
Janjira,State,103557.0,83579.0,17096.0,0.0,80.71,16.51,0.0,
Jath,State,107036.0,99827.0,6847.0,0.0,93.26,6.4,0.0,
Kurundwad (Sr.),State,52552.0,43277.0,5390.0,0.0,82.35,10.26,0.0,
Kurundwad (Jr.),State,46609.0,38138.0,5361.0,0.0,81.83,11.5,0.0,
Mudhol,State,72447.0,66837.0,5453.0,0.0,92.26,7.53,0.0,
Miraj (Sr.),State,108547.0,89218.0,13055.0,0.0,82.19,12.03,0.0,
Miraj (Jr.),State,46295.0,42033.0,2858.0,0.0,90.79,6.17,0.0,
Phaltan,State,71473.0,68299.0,1909.0,0.0,95.56,2.67,0.0,
Ramdurg,State,40114.0,36571.0,3501.0,0.0,91.17,8.73,0.0,
Sangli,State,293381.0,255727.0,22105.0,0.0,87.17,7.53,0.0,
Wadi,State,2022.0,1928.0,54.0,0.0,95.35,2.67,0.0,
Savanur,State,22440.0,14544.0,7806.0,0.0,64.81,34.79,0.0,
Sawantwadi,State,252050.0,239839.0,5303.0,0.0,95.16,2.1,0.0,
Gujarat,State,1458702.0,762611.0,58000.0,0.0,52.28,3.98,0.0,
Jawhar,State,65126.0,14708.0,650.0,0.0,22.58,1.0,0.0,
Lunawada,State,105318.0,99460.0,5646.0,0.0,94.44,5.36,0.0,
Rajpipla,State,249032.0,62948.0,9279.0,0.0,25.28,3.73,0.0,
Balasinor,State,61151.0,54049.0,6110.0,0.0,88.39,9.99,0.0,
Baria,State,189062.0,110285.0,3123.0,0.0,58.33,1.65,0.0,
Bansda,State,54735.0,7485.0,1069.0,0.0,13.67,1.95,0.0,
Cambay,State,96592.0,79696.0,12304.0,0.0,82.51,12.74,0.0,
Chota Udepur,State,162177.0,118806.0,4366.0,0.0,73.26,2.69,0.0,
Dharampur,State,123326.0,23242.0,1666.0,0.0,18.85,1.35,0.0,
Sachin,State,26231.0,16749.0,3028.0,0.0,63.85,11.54,0.0,
Sant,State,94257.0,35887.0,2521.0,0.0,38.07,2.67,0.0,
Surgana,State,18292.0,16662.0,154.0,0.0,91.09,0.84,0.0,
Dangs,State,40498.0,10961.0,95.0,0.0,27.07,0.23,0.0,
Rest of Agency,State,172905.0,111620.0,7989.0,0.0,64.56,4.62,0.0,
Gwalior,State,4006159.0,3463310.0,240903.0,0.0,86.45,6.01,0.0,
Kashmir (including Feudatories),State,4021616.0,807549.0,3073540.0,0.0,20.08,76.43,0.0,
Kashmir,State,3945090.0,807475.0,2997113.0,0.0,20.47,75.97,0.0,
Pudukottai,State,438348.0,402078.0,16975.0,0.0,91.73,3.87,0.0,
Banganapalle,State,44592.0,32500.0,10543.0,0.0,72.88,23.64,0.0,
Sandur,State,15814.0,13024.0,2745.0,0.0,82.36,17.36,0.0,
Mysore,State,7329140.0,6686630.0,485230.0,0.0,91.23,6.62,0.0,
Orissa States,State,3023731.0,2140423.0,14355.0,0.0,70.79,0.47,0.0,
Athgarh,State,55498.0,47937.0,261.0,0.0,86.38,0.47,0.0,
Talcher,State,86432.0,0.0,0.0,0.0,0.0,0.0,0.0,
Nilgiri,State,73109.0,60240.0,54.0,0.0,82.4,0.07,0.0,
Keonjhar,State,529786.0,377062.0,1639.0,0.0,71.17,0.31,0.0,
Pal Lahara,State,34130.0,22874.0,18.0,0.0,67.02,0.05,0.0,
Athmallik,State,72765.0,58204.0,108.0,0.0,79.99,0.15,0.0,
Dhenkanal,State,324212.0,278466.0,875.0,0.0,85.89,0.27,0.0,
Panjab (State agencies),State,5503554.0,0.0,0.0,0.0,0.0,0.0,0.0,
Dujana,State,30666.0,23727.0,6939.0,0.0,77.37,22.63,0.0,
Pataudi,State,21520.0,17728.0,3655.0,0.0,82.38,16.98,0.0,
Loharu,State,27892.0,23923.0,3960.0,0.0,85.77,14.2,0.0,
Mandi,State,232593.0,227457.0,4328.0,0.0,97.79,1.86,0.0,
Suket,State,71092.0,69974.0,884.0,0.0,98.43,1.24,0.0,
Kapurthala,State,378380.0,61546.0,213754.0,0.0,16.27,56.49,0.0,
Malerkotla,State,88109.0,23479.0,33881.0,0.0,26.65,38.45,0.0,
Faridkot,State,199283.0,21751.0,61352.0,0.0,10.91,30.79,0.0,
Chamba,State,168908.0,155480.0,12318.0,0.0,92.05,7.29,0.0,
Patiala,State,1936259.0,597488.0,436539.0,0.0,30.86,22.55,0.0,
Jind,State,361812.0,268349.0,50972.0,0.0,74.17,14.09,0.0,
Nabha,State,340044.0,146430.0,70373.0,0.0,43.06,20.7,0.0,
Bahawalpur,State,1341209.0,169002.0,1098814.0,0.0,12.6,81.93,0.0,
Khairpur,State,305787.0,49604.0,253690.0,0.0,16.22,82.96,0.0,
Punjab Hill,State,1090644.0,1025291.0,40678.0,0.0,94.01,3.73,0.0,
Kalsia,State,67393.0,29866.0,25049.0,0.0,44.32,37.17,0.0,
Sirmoor,State,156026.0,146199.0,7374.0,0.0,93.7,4.73,0.0,
Tehri Garhwal,State,397369.0,395340.0,1945.0,0.0,99.49,0.49,0.0,
Other States,State,359520.0,345520.0,10812.0,0.0,96.11,3.01,0.0,
Rajputana,State,13670208.0,10317805.0,1297841.0,0.0,75.48,9.49,0.0,
Abu,State,4680.0,2618.0,802.0,0.0,55.94,17.14,0.0,
Alwar,State,823055.0,539369.0,220334.0,0.0,65.53,26.77,0.0,
Banswara,State,258760.0,74522.0,7333.0,0.0,28.8,2.83,0.0,
Bharatpur,State,575625.0,449081.0,110296.0,0.0,78.02,19.16,0.0,
Bikaner,State,1292938.0,992601.0,185323.0,0.0,76.77,14.33,0.0,
Bundi,State,249374.0,186003.0,11776.0,0.0,74.59,4.72,0.0,
Danta,State,31110.0,16288.0,2968.0,0.0,52.36,9.54,0.0,
Dholpur,State,286901.0,253444.0,18509.0,0.0,88.34,6.45,0.0,
Dungarpur,State,274282.0,102562.0,9068.0,0.0,37.39,3.31,0.0,
Jaipur,State,3040876.0,2463801.0,249215.0,0.0,81.02,8.2,0.0,
Jaisalmer,State,93246.0,62744.0,27456.0,0.0,67.29,29.44,0.0,
Jhalawar,State,122299.0,105438.0,9600.0,0.0,86.21,7.85,0.0,
Karauli,State,152413.0,109214.0,7800.0,0.0,71.66,5.12,0.0,
Kishengarh,State,104127.0,91707.0,7585.0,0.0,88.07,7.28,0.0,
Kotah,State,777398.0,613719.0,53481.0,0.0,78.95,6.88,0.0,
Kushalgarh Chiefship,State,41153.0,4784.0,898.0,0.0,11.62,2.18,0.0,
Lawa (Estate),State,2808.0,2443.0,100.0,0.0,87.0,3.56,0.0,
Marwar,State,2555904.0,2124601.0,214151.0,0.0,83.13,8.38,0.0,
Mewar,State,1926698.0,1334445.0,63849.0,0.0,69.26,3.31,0.0,
Palanpur,State,315855.0,255843.0,31151.0,0.0,81.0,9.86,0.0,
Shahpura,State,61173.0,52154.0,2914.0,0.0,85.26,4.76,0.0,
Sirohi,State,233879.0,164913.0,7113.0,0.0,70.51,3.04,0.0,
Tonk,State,353687.0,272203.0,51616.0,0.0,76.96,14.59,0.0,
Sikkim,State,121520.0,45888.0,83.0,0.0,37.76,0.07,0.0,
Travancore,State,6070018.0,3542399.0,434150.0,0.0,58.36,7.15,0.0,
U. P.,State,928470.0,647169.0,273625.0,0.0,69.7,29.47,0.0,
Rampur,State,477042.0,237911.0,235458.0,0.0,49.87,49.36,0.0,
Benares,State,451428.0,409258.0,38167.0,0.0,90.66,8.45,0.0,Varanasi
Western India,State,4904156.0,4069175.0,600440.0,0.0,82.97,12.24,0.0,
Bhavnagar,State,618429.0,541806.0,50353.0,0.0,87.61,8.14,0.0,
Dhrangadhra,State,94417.0,85668.0,5057.0,0.0,90.73,5.36,0.0,
Dhrol,State,33617.0,28913.0,3937.0,0.0,86.01,11.71,0.0,
Gondal,State,244514.0,196691.0,39900.0,0.0,80.44,16.32,0.0,
Idar,State,307798.0,292348.0,11085.0,0.0,94.98,3.6,0.0,
Jafrabad,State,13837.0,11855.0,1982.0,0.0,85.68,14.32,0.0,
Porbandar,State,146648.0,131212.0,14035.0,0.0,89.47,9.57,0.0,
Radhanpur,State,67691.0,53663.0,8522.0,0.0,79.28,12.59,0.0,
Palitana,State,76432.0,65931.0,5680.0,0.0,86.26,7.43,0.0,
Nawanagar,State,504006.0,410471.0,66655.0,0.0,81.44,13.23,0.0,
Limbdi,State,44024.0,37431.0,4543.0,0.0,85.02,10.32,0.0,
Vijayanagar,State,13942.0,4680.0,325.0,0.0,33.57,2.33,0.0,
Morvi,State,141761.0,122170.0,12956.0,0.0,86.18,9.14,0.0,
Rajkot,State,102951.0,85260.0,10828.0,0.0,82.82,10.52,0.0,
Wadhwan,State,50915.0,41952.0,3054.0,0.0,82.4,6.0,0.0,
Wankaner,State,54965.0,36420.0,15813.0,0.0,66.26,28.77,0.0,
Cutch,State,500800.0,317791.0,116998.0,0.0,63.46,23.36,0.0,
Junagadh,State,670719.0,534321.0,127814.0,0.0,79.66,19.06,0.0,
Western Kathiawar Agency,State,435858.0,365006.0,61718.0,0.0,83.74,14.16,0.0,
Eastern Kathiawar Agency,State,323019.0,284510.0,21701.0,0.0,88.08,6.72,0.0,
Sabar Kantha Agency,State,457813.0,419076.0,17484.0,0.0,91.54,3.82,0.0,
Talchar,State,86432.0,81354.0,282.0,0.0,94.12,0.33,0.0,
Hindol,State,58505.0,54808.0,116.0,0.0,93.68,0.2,0.0,
Narsinghpur,State,48448.0,46130.0,152.0,0.0,95.22,0.31,0.0,
Baramba,State,52924.0,47602.0,235.0,0.0,89.94,0.44,0.0,
Tigiria,State,26331.0,23761.0,598.0,0.0,90.24,2.27,0.0,
Khandpara,State,87341.0,83558.0,100.0,0.0,95.67,0.11,0.0,
Nayagarh,State,161409.0,152703.0,828.0,0.0,94.61,0.51,0.0,
Ranpur,State,51366.0,48038.0,441.0,0.0,93.52,0.86,0.0,
Daspalla,State,53833.0,43084.0,59.0,0.0,80.03,0.11,0.0,
Baudh,State,146175.0,123370.0,174.0,0.0,84.4,0.12,0.0,
Bamra,State,178277.0,103801.0,290.0,0.0,58.22,0.16,0.0,
Rairakhol,State,38185.0,29306.0,40.0,0.0,76.75,0.1,0.0,
Sonepur,State,248973.0,234560.0,575.0,0.0,94.21,0.23,0.0,
Bonai,State,92537.0,35590.0,191.0,0.0,38.46,0.21,0.0,
Gangpur,State,398171.0,95315.0,4433.0,0.0,23.94,1.11,0.0,
Seraikela,State,154844.0,72469.0,1873.0,0.0,46.8,1.21,0.0,
Kharsawan,State,50580.0,20191.0,1013.0,0.0,39.92,2.0,0.0,
